{"cameraMode":{"drawMode":0,"name":"Shaded","section":"Shading Mode"},"sceneLighting":false,"audioPlay":false,"sceneViewState":{"showFog":true,"showMaterialUpdate":false,"showSkybox":false,"showFlares":true,"showImageEffects":true,"showParticleSystems":true},"in2DMode":false,"pivot":{"x":732.1841430664063,"y":167.92355346679688,"z":443.4927978515625},"rotation":{"x":-0.24889950454235078,"y":0.5109378099441528,"z":-0.15724624693393708,"w":-0.8077496886253357},"size":204.1168670654297,"orthographic":false}